address,maxClaimable
0x8dF50ed0e72d90B5b86eeEDb12B30F517b8cb04B,1000
0x8B1dD48344de9922AC1f24B7563fC07EBaA00b20,1000
0xe3e47ff276bf171ba361fe4a6aa0b5be2a4012ef,1000
0x9233389b9afa0a6e3bb403f9d211c23a3b290d69,1000
0x9d28930c91d33b93E2F7B6b5C25ca45565D35844,1000
0x85eddAa293F3dA08059A9034466F998E854B2540,1000
0x996a8F421435CF1F4e20f593facc87b18F1B95Bd,1000
0xf771F220AE496197693C5a38525B24aD635B0870,1000
0x0cefa446e876a8d83bfccfec366b316ef2cf63e6,1000
0x3a72982f0cef60c558ad5aa627ba82038a40db0b,1000
0xC3B4be23e868822bAA198Ee3041c9F9e535BF0C1,1000
0xa44318c45029d7201f1b116de5fba812569d5bfd,1000
0xdD9D115138a9FE08EAC73b30784eeb68C196Ef07,1000
0xa5d981BC0Bc57500ffEDb2674c597F14a3Cb68c1,1000
0x740a92667Afbe58BD1cF086625951f9a7197D2eE,1000
0x5d8D55ebfDF03D8E09e7c0b1B903a7f75614f2EF,1000
0x295d609d3C402CF046fCAD546eD295eCDF5bC1CE,1000
0x4EF12497d9A1370a3fC6DE20689548734e292851,1000
0x27F64Bf03F05595990fB48255283c03a46f85Ee7,1000
0x3d4CC26eC9E7B8573A73D5A3E48092F3Eba39be0,1000
0xC69594a09B401e604a24a885C3AcEb5478B772C2,1000
0x180482fa9e1CB4f505270Ee0E399744C6B6E727E,1000
0x25e12FdDEBC79898E7D022d552BC5254FbB05AeB,1000
0x6Da59b626af5d0B5b1619e10783aDb7F9b7DE1f3,1000
0xe51c597AfD98d11aFDFD7DeDF82cCd6c05FCe238,1000
0x428ba87cc89d457ea0754b7fa8bf39cfb53ed63a,1000
0x307fec2a1d16e480b9aef767da4880012fd26f3f,1000
0xb893ae8a1824604f6df4dfde52e2754921ba1a73,1000
0x1e868E0F5948Fc94ed99DDe0d0AbA939E7677b47,1000
0x5a1Ef47e07cfBd0067061088A829082beB130520,1000
0x41afdc422831dccc8505762c75e69da983b83f92,1000
0x1D3adB9ab924451C25495d2b55c13059EA4D7dc6,1000
0x02b56b480fd9350fc83dbe2918a76c60232b4001,1000
0x12ADc0CFB830f71D52ee600d952976054557E5C2,1000
0x72Ea700c4fb968d90dD71Aa56b46aAA69f244c74,1000
0x56f210974e0ac548cf75c6034f1c0aa515c818df,1000
0x607259a2e2cb34D1A8F4eE0Ee3F6A98785BeE145,1000
0xBddAe6936532796AfD4346C207d9D87c9B65eA4c,1000
0xF253c885F7e5f2818C03547B16F5e9068d4735Aa,1000
0xA322c8dcD65Ec7630e4316297A949B1b11Adf41c,1000
0x087Cc3DD797e04ec8B6cb66B3d7BD84Fd8541221,1000
0xE5050E39ADdF3475f0D7Ebb17C6bde117f0590E2,1000
0x9197f339ccA98b2Bc14e98235ec1a59cb2090d77,1000
0x6Ad8a820383AD84CaC37E01319dB17d51916b981,1000
0xb34fd18e01a5a42216e461582fbd1e31b671eaf2,1000
0xf91B00784DB6B28dEE6cF472512666741853Cd7D,1000
0xebFe65b40A155350FD5F1Af092b7B00Ffc6ECBCD,1000
0x5dE2e424D1c3345A01D13D3C41B6324B96aab1dD,1000
0x9A306f149F03E92944a2b8eC0010bf54D9447240,1000
0x8f2ED3172E9C7f352A647F542541134755564E9d,1000
0x57f14A945a6Cd86B40D8abA7d7d951519c4dA1c0,1000
0x1307c980c0acae9f5ed66fccd18a164bfe66e9c4,1000
0x9a6bAA358b6629944FEd76f58B75d61e4ddaAA85,1000
0x2e8F6F8662593134dC8311e312885921855332bC,1000
0x398738f63ad44302c5C4E718BDaB6C1dA2a11cF1,1000
0x099A3fc56b898696764e08829E6426FaC2308cc7,1000
0x2901ae0bb8c3046587e413761675bda95ebc56d4,1000
0xAE0fE8B7510a3D69eEdfA4b77a9d134d3Dc506E9,1000
0xee05f233245c33150fd061f732bd213aee0ec3c7,1000
0x340a8a94c2f369f7873d243f5b50683c40248619,1000
0x7E9B3DD8ceD26838cDE46c2682F53cEdeCA94873,1000
0x23404B031EcBB0eBbbC64Bf235DdaF8fbD0E4f0b,1000
0x66f024c0a38efcc8cD6b951E1e3354a385061057,1000
0x4f70A8C1747626fA8b2b5968AeF8E3bDb3eAe7BC,1000
0x0c72d3404dc10D594A7D00086cdE7B1C48e4C0d4,1000
0x41955ab7d12F9F6C03de972b91d9b895D9c2EaF8,1000
0x19c3F6d0239B0d8ADB39d896f6954d9B505404Ac,1000
0x61E3B17DD9788e8FD4ad0Cc95401Fb94B3A30423,1000
0xdeacc0f948bcf0f91f926c8869bf577e56d3aa76,1000
0x508fc1c68602a7043cec0300e0a4e7a9b8530019,1000
0x1b612449e9eea55d71a64ec69c77e1543270a93f,1000
0xee8df38386aa85be55fdf1460a61d656c51a5e3b,1000
0x3B0B262b187001522c34EDcaFc378500133aB230,1000
0xFa2CAB8fB3409817055E4813b73320610873E936,1000
0x541Be48B9f2Fa888F714dDc13736BCA24073f03d,1000
0x86040c03abfd4ea4e5f3d44afed63c40fc47eb27,1000
0x29D520Fe46F42dB6abe034FEc7185B46B8D6FC2F,1000
0x7d6bb5bbc5265C0b791Fc39bba54C079313af13A,1000
0x9156f20136360aabc3f940af745aa989c0761017,1000
0xe42758403B8A6c02Ff81656856278f74985948Cd,1000
0xbc9AA6262E2b34D5D124BD754D74a8A61F75580c,1000
0xE1f8dE77C45a128E623C1a4b501254b5AA0Cd0f4,1000
0x4ab6c0b08f33935189d9a664715a2479a61de4fa,1000
0x16299deb8e0ba6f4054106c9ad797b8fa57d2a62,1000
0x76cBf9384820848A9A40286e503cb342dD3C8B07,1000
0xEf12e9bfB6e248fc6eCDe3F7bdCe941aE8313CBD,1000
0x1809754df5Ac133A1Cc7d4EaF45ED38cf9b39ec8,1000
0xdb3b758d7d2503d0400c48310fd4a2664c4e4c56,1000
0x70aEe76d8be465e841aC9a0393B92E8B9466A0EB,1000
0x7153Cad53deB0D570453dCbc859c3FAE683cD277,1000
0xFB286f9b2eB8EdfDC2039D2aE1648205c0E5380b,1000
0x1999339fb7c95ce8d4751e0a79383f29259143e6,1000
0x1f8c8bb4971c42e441e2fc3662bcac89052d4373,1000
0x25d7c11319cecde2877d0d0c3ed7ab605bb48ec0,1000
0x4e3f57b627809f96e9dfb52cf8c436a773910deb,1000
0xfe23fb9b286e37bde8d325d16fa4b4d496587f6a,1000
0xc36ce23bf539c09421798542acc50f385a9700b2,1000
0x369615bc57975b06c418f42d3fda3754a385b97b,1000
0x35dc935d575d1d3861311ef1ab1cfe5a1ff65331,1000
0x1c8f0c22f4c93aeb52c91ea0856f671106817195,1000
0x7f1796071eb91aebda10a03115fa3cd95efdb25f,1000
0xe8e74b34543ebd0ce253ecdd9caa6e3eaf9d7cb2,1000
0xd011878cbee251d148857a58eb737adc3a4a9e98,1000
0x19fe2861f074627ba09d28f606584918520399c1,1000
0x0d7ed3ff76dd70805b1624e1aa6470c52f3e7dce,1000
0x77b52cb4b739e3e73585635db11b61910bd9cb23,1000
0x0329db0ddc11dc44ec36780b8b4f896b39f20c2d,1000
0x74e16fd52ff7d37560d499c16b5f3c3427ed306f,1000
0x29b4e928cfd2221d7840d4644978651be8751a47,1000
0x9cca44a9f974c526713dcb70211718758be89ed0,1000
0x880f22d123682d768c39d5a04af6b0f778750a7a,1000
0x35566a5b3adb28dd3fbc64434c87af09382e7e83,1000
0x523ad906c1e5c6a6ad3409056d9687ce07b01873,1000
0x0057ff99a06f82cd876c4f7f1718bd9a4f2e74b6,1000
0xdb2cf997d32c79d73cf93bc55b70f2a2e2aca0c9,1000
0x66e237350e9094971aa726320be670a931858530,1000
0x1ca8ba8a8fbc9df50a5116b7eac81a0c6a5e7d7c,1000
0xc83bcd5fc46f61fe331bd63398f776adcb711f12,1000
0x4c1756767bd3fa11385f2ed59249ee48b45d5703,1000
0x7caa9f43822e288782e3e8797c8a16774c689b3d,1000
0xdd91a062545c2d42e7e73f51e209638fe2d9f195,1000
0x33a34e27a81436ba9d79276406a285e89a8bd8a8,1000
0x137331ed7e7c9ffffb24f738c6d0fb52bedd97f9,1000
0xad5116d1f9f3d2816935b0df95a58750745eb308,1000
0x7bbc6f3cdccfcf03cb062856e751b8950dad812b,1000
0x2cf84928261f655a47d04ec714d3bedf9375de46,1000
0x45e8f725f517510c8572a677e82f7530c879fa02,1000
0x33e873a52f74cb4c4cc83ba310b97c3e80d81e81,1000
0xd112a65b977898540bd433d269ab25d1fd02aa93,1000
0x9f8354dcb58bcca2d7583133043241f8f40b6c29,1000
0x83fd7410158a17e97d9753a54240521f8afc973d,1000
0x185d5f60fb7c59d344ba939361908916cbffe1dd,1000
0x872826ce82b694dc0b152ad71e9119d255876cdc,1000
0xea16e313804fd5b70f0e4f928a3bca178506656e,1000
0x53f1b3d8990472d1adcd7b76348e5508db17cea0,1000
0x754996e23b4bf301f35e30549d10bf81bac6462d,1000
0x423a9a8aff6d51d7aae8055ffa0072afd26ad1f0,1000
0x453b25267e67b837d811e6c573850d8acbff2e45,1000
0x06a992201c2b6f496d6c901406a7fa88566547a8,1000
0xb561d9036dabd8f41f0826e0544b6c9d68049939,1000
0xd975ce5f52478d7430169d57516c97f7b5497ecc,1000
0x41e13c60ffb31acfbc8598d3c670c9aff5ce8ae9,1000
0x8172ce4906b2d6af0ec7e64e6ee67c91e256fe1d,1000
0xd84f5a850de9b3758727730127b367942d2a5d84,1000
0x14cce53c8338283674dd5908fefe0e6f6eb43709,1000
0x40fb21f615bdef1b2649790c2f2e7861bfd37f28,1000
0x15dd5a8760cf1a0d2c64addfa18647482c5e43ad,1000
0x25a940bc0cdf97b7a5ba9c76b6b048153f8ee247,1000
0xe3641cbb14b0d8d2e81952e71a3f53b3bd0284a3,1000
0x6ab67891484f7A56B16AB039f028a66b118C5E37,1000
0xcd71A3972F7A21DD4eF9FEbac48Bf96cE727E066,1000
0xf1BD18d6bC6ff62e732BEb3ea827bA77B874307D,1000
0x55A5705453Ee82c742274154136Fce8149597058,1000
0xA87b19faA46A7784444c5B96aBE1676162eE6877,1000
0xd994E3E364da38f7960dC6faD9b70ADeeB7b8AF3,1000
0x18456ce597e8469472dCb76e9144A151681cDC52,1000
0x56fc809e1Ae8c093c881A5a415C29348caE5C112,1000
0x4C64e9ffD74C00b6a56db8733849008E441eD43d,1000
0xdD9D115138a9FE08EAC73b30784eeb68C196Ef07,1000
0x6Eaa184BafE79b7E5DCBc432E85947C99b7402C5,1000
0x969D0f60C54C8108Fbf1e3C91ef511411A39beA1,1000
0x4EF12497d9A1370a3fC6DE20689548734e292851,1000
0xbFD0496bDF244105b7C35313BACfdDD0C2d14900,1000
0xe51c597AfD98d11aFDFD7DeDF82cCd6c05FCe238,1000
0xf00f7FD82a51a01053E1601209c609E8709B9657,1000
0x8CF6B98F59487ed43f64c7a94516dCA2f010ACC8,1000
0xEc1fec800E31D5D81A274B22Ec2E62815b011F53,1000
0x8BD797326bf74d6DDA4BBDb2f469A3f620E4347d,1000
0xA5Bbf5B52Ee1857Da92feb043E5dD14C8124d550,1000
0xDD4EE4a00F233b99a65bc482d02660579F44251D,1000
0x34Ad913f12cAdA4F04AF88f79Dfd7BDAB2D69174,1000
0x01Ae4092Dd4c01C744d1ffc80A75F32096c68953,1000
0xc218a949617edc78abd084d05ccb7338dd27cd45,1000
0x7a9Cb2E9C68173A697766941FBd82923AA694168,1000
0x1101Aa904533119beA74D4e9b10E1C9F30a000d1,1000
0xd3A28060E515F7C51F2C5B2eCdc9513F8C146eaa,1000
0xAA0f5e9eFf644a132Be25c5a0807FB5afe3E0DF6,1000
0xC49A789b74B35Fb145565C5a53E6F2F1C4102a3D,1000
0x72c61F0143eDb763E4563535a6A001e79C86c8e6,1000
0x25F818c39f513dB3a2147E8724A67FC340C56a3c,1000
0xf48419D4df982bA0E1362BC9163d4361A6265606,1000
0xee8df38386aa85be55fdf1460a61d656c51a5e3b,1000
0xE5cB669F880211b0E77517aE40d7353100d173B9,1000
0xC13A80fD29cdDF5290d2e301b3121DF0B73b4401,1000
0xCAca7D69B7163b7bb8bF5F691fDD9793360F691f,1000
0x464eb33a1949F8E1bf2A67A3b3eD4ddD84E296e2,1000
0xC22FF516F998f771103549D7C766843c9f1124a6,1000
0x8733364c30eA3d9df9BF03C0dAf05883501f5E4d,1000
0xf166d313fAfB2a6815bea11454FD16695C1c31fA,1000
0x6Eb872B2FAF0E8B873cd20B219cDf4501f490815,1000
0x73d28B8DA7bCA081A7D2A54Bd871A33Ef607e4bc,1000
0x00ad52965f378De3c48191d21aA430ffB272AA9E,1000
0x30a97669df192107913559616C2ca9569B4553fA,1000
0x2d38afcf354ec2df41f274a8bff12a5cbb8cc381,1000
0x9241Abc7091807fBD601593d6fF9E54ab20FfdAC,1000
0x1755465d5b1338785dc9024c0ca25b077138dd99,1000
0xdfdffe5844d483c829f8dd5d1722b71982885af7,1000
0x1a9d933F150616a48f2F03F4561DC68F9EDD7dB0,1000
0xf7BDBdcdf6d0EEf46C42A9366B3fC2DFF8005aD5,1000
0x3a7094b33dfe011F72Cdc9d82a0929b03E20d982,1000
0xE5Cc5e83667281776D22E403760BA55642E07Dae,1000
0x5589B3B796F06fFb5ae584A412C6f00BD09DdE9E,1000
0x01F3c68599f1C21c9Bc410D7641E08FD7F5eDC92,1000
0x5fa07Da90Cf665a771F4A1F4b5fB5E830B9dED4A,1000
0x34e73360577291c4d05276b966738222a685b051,1000
0xb8367f1b23b6e08e54f447ea3964c027e893ee1c,1000
0xecc59edf26d4b07fe0c818260dcaf52aad54b5f2,1000
0x246888da8fb337f7f5f0b996bd77f8f1d38fd0b5,1000
0x808a023b72260170c95d831f589a1ae0dca1e43e,1000
0xeceaa531bd63c7fca86bbeae7dd218f5ab9ec21a,1000
0x603b310457c4d6706082f014efdb4b252d1ed479,1000
0x0b191f8f1c72ce3ada417a32c8c9ea36b1b2b9f7,1000
0xc1717f1b9258ab56c9294ed9e830516c24edc798,1000
0x4cf3f7c5b4fc7a14cfafa3ed80d82f643c1de8a4,1000
0x07aba6da7a0714e008809f5e63fc433b4a84ebf8,1000
0xc14dfe49ec9d5516aae4bbf278d4fdcddb1b0fbb,1000
0x412659290ef2ea70d9eeb21caace8262e9fb68a0,1000
0x31dc22e6682ae64efea711befd088db7e492330c,1000
0xa3d8071efb44d83e6068b4e9918b5170c019b164,1000
0x89f3c799e2b260ec3e4dca6c9e98635dae21533e,1000
0x3ad5438542915e03ed6319945e8aceca5b00d443,1000
0xbb58529c41731762b0e98c73ed29f84a4dbafb00,1000
0x29b4e928cfd2221d7840d4644978651be8751a47,1000
0x179267b4616e7b93290ff7cca57e248b74a7fd13,1000
0x641bf4d1b1fd3ee038c14606d43de9df168c9399,1000
0xe2fe10b421f0a08d2026062243355a566fd32fef,1000
0xdf61c50705beb255becef635f119c7f8cacb47ad,1000
0x00e14b06893a661c37bbaf8606be7dccf173ee71,1000
0x53508d1e1bc0e002bde092364bd9a4c6290b2c1e,1000
0x698e9a51378ed9b292e1ea27cd2ba419aee0e4a4,1000
0xb6672f6075c667b2827df5677d5302bc160d5a34,1000
0x3605d4fb7233f96aa7207d73083167156dfa13db,1000
0x6f8026be65f874ec4f4b3b4e32db75cb878c3ecf,1000
0x7b6f2f3032664691586aedfeadbd60d6f5d88da6,1000
0x9f8354dcb58bcca2d7583133043241f8f40b6c29,1000
0xab3ba2d668215acd23f7da923683a5ed88bad625,1000
0x03c609ad0c5f4d2b4b45329c879d01627ed044cf,1000
0x4e00bc821cbc58db6c0c64d015239dd9ba953baf,1000
0xa654e8e6b7e36baae2ebdb1d3bbfc3b4234a6e50,1000
0xf2d104f5fa123d6dec56c88492dffcc1077a8600,1000
0x0c148c98727223897a3df7d8f9668f8596e501af,1000
0xa853d9bdf59bb27308971dd2799c81c400263ec7,1000
0xc2541d9ed2e32b9397428b9e5870e6b0995bb2bb,1000
0xe3497b16ee2efd1d954ed88ca4f3c4c97fcf71bd,1000
0x8dF50ed0e72d90B5b86eeEDb12B30F517b8cb04B,1000
0x88eEf5C17E73d62C063A9511DA9A070AEcd5981f,1000
0xa5d981BC0Bc57500ffEDb2674c597F14a3Cb68c1,1000
0xEa42eB51AC4ce4623E0D9B3367df4a8B8166C420,1000
0x6Da59b626af5d0B5b1619e10783aDb7F9b7DE1f3,1000
0x7bfdbaeb2d1ecdddf8349c1f21ca27988d029345,1000
0x7e8b97340f2cd42cba3ab7f207235c57cf89370a,1000
0x607259a2e2cb34D1A8F4eE0Ee3F6A98785BeE145,1000
0x8BD797326bf74d6DDA4BBDb2f469A3f620E4347d,1000
0x9197f339ccA98b2Bc14e98235ec1a59cb2090d77,1000
0xa9900d01df253ab9ec756dbe84f3f60633b37ae7,1000
0xAE0fE8B7510a3D69eEdfA4b77a9d134d3Dc506E9,1000
0xb5d74F8BDB8AB8bb346e09eD3D09d29495B16849,1000
0xd5a9C4a92dDE274e126f82b215Fccb511147Cd8e,1000
0x66f024c0a38efcc8cD6b951E1e3354a385061057,1000
0x76cBf9384820848A9A40286e503cb342dD3C8B07,1000
0x35566a5b3adb28dd3fbc64434c87af09382e7e83,1000
0x9112477bd55883c229bd549f6f39cdcfd113c638,1000
0x581893c06497a67642d803f114bd1f3eb5bd7fd6,1000
0xcedfdf7444b9508e2be6671ec0d015037d6a7f62,1000
0xa471FfDe4E914131DB746b60c8c209B817D3acc5,1000
0xe51ff9eF0cB02a8715729dE3da80E0f438033b14,1000
0x67db5e582632a8981b02a74a75110a3db7950a21,1000
0x428ba87cc89d457ea0754b7fa8bf39cfb53ed63a,1000
0x4F74381834616F17b86CAEA2De94E18E3996E5a3,1000
0x2B2C869539188c28c202D086fE99c554493f72DD,1000
0xBddAe6936532796AfD4346C207d9D87c9B65eA4c,1000
0x01Ae4092Dd4c01C744d1ffc80A75F32096c68953,1000
0xbBBAA9b374136A2FDEF831758Fd6D00f0aA116F5,1000
0xee05f233245c33150fd061f732bd213aee0ec3c7,1000
0x0a1678fdc774e940e799f1826c49531cc973aaa7,1000
0x7a4a2be10a91d87be2f5224f310db400b0606ec1,1000
0x4f70A8C1747626fA8b2b5968AeF8E3bDb3eAe7BC,1000
0xC49A789b74B35Fb145565C5a53E6F2F1C4102a3D,1000
0x464eb33a1949F8E1bf2A67A3b3eD4ddD84E296e2,1000
0x2097cB2c883Ece6b966974F2F8a6Ce42Aa209892,1000
0x65462Ee5303472AA87a46F34dde89dB91e00A0A1,1000
0x20757dAa691900004346f30e0E17596D89872c23,1000
0x8d430c5f9041091e1dC7C78296f4F15C0B1b5582,1000
0x1FC43a1B563272047FBBFB9b532d47D58bEF1f60,1000
0x11482aa2699d8ec8c26b59998650f2bd6b1a36ff,1000
0x0918a9cce4684223b86358f9407115e264e29925,1000
0xb56518a364756ffbdd115ab7f55303d19e9b4232,1000
0x3866496994051724ea3c7655a127bf399798926c,1000
0x5b033b4e794136f763e82eba877df6fddfb1f1ea,1000
0x1bf0197ae08441711d23a25dad3292541cbd6374,1000
0xbe6a5992d259990ddf43dbd681568db292ba47d7,1000
0xe2fe10b421f0a08d2026062243355a566fd32fef,1000
0x40a69397a266deefff17d18c77c3f0f5f7bf1545,1000
0x335da83624f8cdbf69204e54e8c7aac2ed806a0a,1000
0x70da565928419c5380c89017e5a8f5177fb4aef1,1000
0x1d56c3040d8a96b1a09e055f44b626e50460b545,1000
0x01Ae4092Dd4c01C744d1ffc80A75F32096c68953,1000
0xF9f3ba83FA1dEb56873cd146ffbE3C4B75fb55B6,1000
0x30a97669df192107913559616C2ca9569B4553fA,1000
0x849e0243462a383c899e5c3fa919a22cec1aecc8,1000
0x6dc1e2c93ea260b8543fc4cf3b4072f6d0df0d9a,1000
0x84d3080e0d393ae7d932a4a7057e080a69fc639b,1000
0xc9fb445c9c1955a48a8d665a83ece5009c0827bf,1000
0x301aa246c955780ecd39583bede47fa8aadb4fb0,1000
0x1f8594e8faab23d28fefe1d1dcc859e0e2b4befc,1000
0x23682c08bfc20f754aaaa64dc20dc73f5c9f087c,1000
0x498a4b207d1b0bd8487cf735a50793eaa08f56af,1000
0x41c5650491f981ba3a1354c516a693c36301a83f,1000
0x5e130cb7f8cdcfb5a15018ee5846769703ec4478,1000
0xd8700890c1725c1261c351e7231a309591e446f6,1000
0xa84e7cc73ae095bed288a799aa6f870f52fce6b4,1000
0xd4cd1cf8ecbd2e65a2fa6583ea2154294569277a,1000
0x35dbcedf6d1b334ff9d8660e8a79d7b6432ceb44,1000
0x1fd68dc3d64136dd4ba6b9ce7f7afd15e156e632,1000
0x402905d2aa5d66515d51faf2dfa4e350634dd20a,1000
0x435b41e1735b05958a5fe340baf444bfe795a819,1000
0xc846ad1251406a6df0f347d24b0aabc3dabab008,1000
0xB3b5c600dF16B95FCf6F4A82283404Ba59226212,1000
0xF9f3ba83FA1dEb56873cd146ffbE3C4B75fb55B6,1000
0x1d36dc20a90faca989ae104a3c49b80671768b3f,1000
0x810d78229A935587A0B9aC71e534362407FC81b0,1000
0x2F4ffaA59984D1b72318019b882c181E8232E04B,1000
0x8282879dba89b5995ab1321d2204744b60657e3e,1000
0xAeA34d14eC85D1848C03DEf5D4A5B8f63EF1D63d,1000
0xA0901C7b8177fb3645B64D618cfD94a688270f9C,1000
0x19D8da2674E8A025154153297ea3AB918DebF96d,1000
0x8BD797326bf74d6DDA4BBDb2f469A3f620E4347d,1000
0x542C9811456570F037A30d5e78eDc08DB8d37441,1000
0x8967e79369c61af880b16f46a56d0c898bd0d159,1000
0xDD4EE4a00F233b99a65bc482d02660579F44251D,1000
0x85c2149607136d5f6ef22a9c68db827ac72d50c5,1000
0x099A3fc56b898696764e08829E6426FaC2308cc7,1000
0x7afaDef79beDa1B40dE7c8E25B9228A7ECad11e4,1000
0xEA5a8DB8d26289F345B778856237A5E515173024,1000
0xB134519735fEad7FF6e61407FE88096A8DD77743,1000
0x5223A03d5E83de3CEe88fEF9460458a78De98E68,1000
0x3CF21235C193ddC86997F1488DF47eEe7834cae3,1000
0x79Ea566f725E6B3Cee56bD592de9c13f16dc3509,1000
0x834b5931539ff2bf54ccb304725d5ebba4637b91,1000
0xf48419D4df982bA0E1362BC9163d4361A6265606,1000
0xee8df38386aa85be55fdf1460a61d656c51a5e3b,1000
0x706e1D15a6b8daA1224218a234c1f3b310fA311D,1000
0x9cf1e36dd221eda50f0e7f2b5355ed397d929baf,1000
0xF9f3ba83FA1dEb56873cd146ffbE3C4B75fb55B6,1000
0x8dbb40f12e5d99d135b44b1321b8c8e8d7f1f132,1000
0x1CbE1b68738279469a06c83462D84794F7a70338,1000
0xdda6f419f2026f75d731cbefcd504c7c6d4f6913,1000
0x83574a01ae2201503c3ecca84bd27d7fe106c4ff,1000
0x094decE09096D5d6e3DA2bAeF3ecbB0E9e7Ea9DF,1000
0xdb3b758d7d2503d0400c48310fd4a2664c4e4c56,1000
0x63d06a4968abee991667ef3d3ad247da4c6fbdba,1000
0x705164a3a221ada070e1adf35d30d973a782c918,1000
0x6546570e89768e4aa7fbf0ca787f682a27b2a7d4,1000
0x3c4497fffdcfe9a5ce1de09c1b4b4623fd158c13,1000
0xc307c02208cb4c274292e9e8749b47f8cb3ecb6d,1000
0x74a54f94fb1e6a030921dc8640757360b897cc16,1000
0xAeA34d14eC85D1848C03DEf5D4A5B8f63EF1D63d,1000
0x37660b87525559598c053f0f5b4c93C44Ec35E13,1000
0x6c52d274ac246fb29657756941ad1c158004bf99,1000
0x30C78B586e763504A2B856C5A4E39e6eB5439Da5,1000
0x5744aeb6dabc2dc67eebae63b1991abccd248d83,1000
0x17FCDF505d90821bE2C1cC9deFA930153E73E7A7,1000
0x25d7c11319cecde2877d0d0c3ed7ab605bb48ec0,1000
0xb76eb3dfdc2c729967e6e5b2440698673d15e7ff,1000
0xd0f72e182c40ec080a819c89fa5fcd42197d93a7,1000
0x0dd8b54fb4e266cb8222f2b489f086ce9b77c91a,1000
0x52e26dba524b30a3285bc95f8b18d458c6dc63fb,1000
0x238aa392a6d794ee2a61d599be7f761949560a0d,1000
0x3509b722bebb92e009089e5c8e46957eb696a79d,1000
0x7d312285b51237f81270aa813dac49e71cab772f,1000
0x06f95664e273e6e14b902933d7fd0f91f8d5da5a,1000
0x1151109C4DC9e57694a16cC178b2A7543B5A1e44,1000
0xd0f72e182c40ec080a819c89fa5fcd42197d93a7,1000
0x30688f0cb4eec97ee87606fe2ea28caec55f273e,1000
0x075c7ac821484c3cba968efb9deec812086ba9df,1000
0x545ab4b544ae479acd575bf464041b089610699d,1000
0xbAc5c05FEacef303D742BA8e32365bC37C51dC2C,1000
0x9Df2844244ff3c0bE263d2E09B32F3311eb77b1F,1000
0xF9f3ba83FA1dEb56873cd146ffbE3C4B75fb55B6,1000
0xDA7aa07F0d6EA1062F65314e8a3b3F3C0e5CC53b,1000
0xe1a03E44d36c35d0f7736d3dFFb02810F6d36211,1000
0x7261a3b25f410a2e90d12a79bf6a2eea89a41993,1000
0x41c5650491f981ba3a1354c516a693c36301a83f,1000
0x3433faf996a75d642a1e8dc82b8d70381e252881,1000
0x05c354285d21846a9ed27d1ec9cb5519facb67a7,1000
0x3f010316e41cda761156d6f3ca7e2459c2c15256,1000
0xbaaaBce9D8b6e0e7b26E107f33DdfC7Bd582E301,1000
0x55997fc6D2fA070178D5374C3d92441a838c206f,1000
0x1d56c3040d8a96b1a09e055f44b626e50460b545,1000
0x9d16Cc5b592aBa083F6c43deb163D0A83846028d,1000
0x0f7c0809acd6d4dd6e5ae8e1ba6ee3da0a5c64fa,1000
0xc3D3e4Fc0A46B0923C038b84D4DFb50A2BA2724c,1000
0xebFe65b40A155350FD5F1Af092b7B00Ffc6ECBCD,1000
0x5d2639E6CE748DFCB543CEBBE7f5053CFA42CE61,1000
0xDA7aa07F0d6EA1062F65314e8a3b3F3C0e5CC53b,1000
0xd6684fc4775a07fc0703c0b2484aa1cf8817b5ed,1000
0x974846fb22efd6a8255257b9f12d5819e726f801,1000
0x2c419c8b207b10b39673482d83caa3e11f3604c5,1000
0x7b8f1c54e8068960ae703d62aad4fc1e1b23adad,1000
0x390498ce005a17b3e60a0c35822496f112258702,1000
0x695d7a43024bc0d44cb34bde27f79823212f4b34,1000
0xa79babfb8c58b113d80a72cf8c9cc90f5ef52424,1000
0x8ad8ddf1bde8039cf17695001efb2e0a5562ce2d,1000
0xc14dfe49ec9d5516aae4bbf278d4fdcddb1b0fbb,1000
0x28b98e7f51b9e18852362965dee56994a6b32989,1000
0x6c94ab54c7ecdcad9c1abbba518615884962a204,1000
0x19e1444846db53861d0d78dc19786b3bd8cd681b,1000
0xba9941758893819c506b79906a02ebdaac0e337c,1000
0xb8814269ce2a8e05b949d581fdeaa1182c626f39,1000
0x8447e981341dd44f7a6caf26e6452d3fb12d8592,1000
0x4f77072b1f60aec5ba95384f81fce74ae7b91bb1,1000
0x4c941a23ec94580d3b5442aa8d5851583fd8bcce,1000
0x16763494c398e72a58b9802b8204e07a62c1c7de,1000
0x0bd923074ad90ebe8853cf59e8ed73fb9931bd6d,1000
0x76619eb9f77126da088e112ed5a933a10d1ecea0,1000
0x358e80064f66c27ace025d1168bde37d954f5583,1000
0x7f65efbdfb3e7f3ecaf6588254f0fb4370f2bf29,1000
0x8277e8eb3e4926af39228f889cd4319422da843b,1000
0xc9483ccbd3b020cb52d30fd11b9c1d415e4b2a3b,1000
0xcedfdf7444b9508e2be6671ec0d015037d6a7f62,1000
0xa471FfDe4E914131DB746b60c8c209B817D3acc5,1000
0x08B5bfEB412443cfc54E38656Ae88f6bDDe4920f,1000
0x8bfe553ab794615b6009fba5f077509a453dcbfd,1000
0x57140a5ec315c7193defa29356b1cbd9a1393435,1000
0x9f55f157f01fA1445037F630F87a33B075CC3286,1000
0xe5bdd30f5b8bac9063d67ce40ee8d5b3e5fad281,1000
0xbc9AA6262E2b34D5D124BD754D74a8A61F75580c,1000
0x133a933C9c1ac2295C37F5Bd13CcfdE110dF36e6,1000
0xb5beebbfb568be3d5d7afc7c35cac5bc517a1fa4,1000
0x2636e0c94766a84cd847cc12fd22f0ee29f89665,1000
0xe6f61afb06caef91a37ba354d65812058f78e6c3,1000
0xb9bbdca9a698b8e035df0966ceab980386166c14,1000
0xad076ab68ee78c700734c2844ee7eead6e749b8c,1000
0xc355bb2414889837c85c314e6ff5a4b6fdc7554a,1000
0x5d44325f594cebbff6d699603e82d20281b6165f,1000
0x6b0e4ea76f522cc337e4683e01d5b5779ab67f7b,1000
0xb18E3c41FAF4139b89B4EBf1F5eF645A3Ad0eC7f,1000
0x3e0914fc2b3b67a476142020b7d6990d01ad234e,1000
0xc744cf8f58db2d7dec3e9251008de7f449e87b8c,1000
0x47d870e9be4d2e582705e4fa21b525ab35b1c2e3,1000
0xd696d9f21f2bc4ae97d351e9c14fa1928c886c61,1000
0x22ed7a936d3dea108004e3229f3bd3d84c7225db,1000
0xca12a07d1a99ed9e14dcfa857ba3e8adb7a56690,1000
0xc882a6a4246ea469dab8267803e396dcda8603e6,1000
0xfabd58c9993e9978a255cf3f74065903ed8b1cc8,1000
0x3efA8A1CC7ee98FBf33816B4dc5dec3AC034f364,1000
0x4Cc8C9a45B953a1922D8700e7cf4c0489D0b4154,1000
0x578b076f33C021ca8EC8873BE00c734559A99057,1000
0x7bfdbaeb2d1ecdddf8349c1f21ca27988d029345,1000
0x056000dff1fa5f3cde5826317d5e8de0f88b70fe,1000
0x99a86f36d7251269887106fb98e5b4969077c365,1000
0x93A08814812BD628B1a432A46Bf256644Dde8906,1000
0xaa6c28a775Ca64c4104057EFF7D2F0A07CE89b29,1000
0xF9f3ba83FA1dEb56873cd146ffbE3C4B75fb55B6,1000
0xE1f8dE77C45a128E623C1a4b501254b5AA0Cd0f4,1000
0xdb3b758d7d2503d0400c48310fd4a2664c4e4c56,1000
0x8fc9b9d52e4512ad2557c2cd282d5ec76f93f330,1000
0x1e8488567d670242844d1bb0937e9283cb564204,1000
0x14a6e823fc11b629ac8b798f378a77d31df8537e,1000
0xb76eb3dfdc2c729967e6e5b2440698673d15e7ff,1000
0x22e0b2c91aa8184a3f2a92e75f596208c5edb5dc,1000
0x477f9548e38db74e3d0f91c1937479eca9cc165f,1000
0x2d801e9af5a7a98c231fc47486cf557938368c0d,1000
0x1d9b8283605a3871429defa62e242871abc87b48,1000
0x733a0b136088e2155d37129b43885eee2fca70a0,1000
0xb2c177b9f249639adfcc66b6dfd80317a7bd38fa,1000
0xaa5f14d65fab75c2b9241888b6e437b61e3acf73,1000
0xbe4f8b5b1957535587d52800222ce599663c5836,1000
0x867e29c16a1b921676c0c201e1dce6626609cbf6,1000
0xe4f44bc4520d3161bef03f62967bc361082b3ae0,1000
0x00fd0914ee15b513eccdb0d393fd2a6b49d219e8,1000
0x1cc0d63e4604b61baef861b6dcf3d92f6bfd754c,1000
0xda7ee0560e324629515abfc08bac3181397919b7,1000
0xfd7c8cc99bb5368ce6f38806e63c4744a5fae385,1000
0xace4585b8e13a1b9fe044e900c280f367a2e8cf7,1000
0xb4d528d98f5aa9e18dfdf8ddcaa059f44a774101,1000
0xd22c236b2de5440a0c40041f1436539a715181a1,1000
0xb38f6889c7ef362cca79118133e4afeb90f20708,1000
0xed278a7a1a191ef365c1fa55373a8af6638f5a02,1000
0x77db37410eb0dbdf7f9dec1b196565344389b462,1000
0x1adbabee49f5d518dc5970644b45ebf20d702eee,1000
0x1e14d375ac33f2e8dbc27e1d3c7fe12486d257e4,1000
0x321fdfcf79eeaed39fc67daaca07d92457129d4f,1000
0x2380ca49ed8e933c97905977763693e5cf8770f4,1000
0x4a0630b2036fdb7efa154c01aa80178288d3de80,1000
0x016935c4a0faf521530f919cfe3576f8523a835a,1000
0xF9f3ba83FA1dEb56873cd146ffbE3C4B75fb55B6,1000
0x61622E18EDFd40303cF2a5b750698b31Dfc9fc2a,1000
0x7d6bb5bbc5265C0b791Fc39bba54C079313af13A,1000
0xd732251bbcFb4B0E2c76E2cDC86a47f19B403e8f,1000
0x74a54f94fb1e6a030921dc8640757360b897cc16,1000
0x3d5d82f1c37389941b6f1ad579a2632725a8a647,1000
0x4770150E4AF9464eDdc8E87d6e2b552137BE1C99,1000
0xe9691911955ebc29ebd5dc6f57d3ab5880b94808,1000
0x310e8c519b3d8f2e48df16dd5eff5a0eb4070bed,1000
0x737dc29bd8790982105a3040181779544c6fa3e4,1000
0x137878D2e1cA1739e3F584bDf43741a739Df3E7f,1000
0x03F58F0cc44Be4AbC68b2DF93C58514bb1196Dc3,1000
0x1674d6af75afd9f18d0fc3a82d668514e044ee13,1000
0x49a3FAfC8FbBF4a5235a2789e6A852788df4c00d,1000
0x6a93Cb1807155b07720ABb80527647eec777703D,1000
0x93F28D6476aDc9E3B6263506A69AA3de696e3050,1000
0xa26e6afd9a12290e282f4ab7e0fae93b29fc8466,1000
0x40fbe0445a27f525817a9c937da2b39ad97751f3,1000
0x6ba919e06fb0db2016e6a8aeffdcd06f3cbccc95,1000
0xe13a45155b55347bf3481cf97ec101b0df10a4a0,1000
0x318e4ba3fb1ca449868e48c060b0fc11da173b8b,1000
0xabbf9d988a90ee324f39d04b7ee6c48a78cbb49a,1000
0x8a4a2c7b84e973891f48b635a453090e57564af9,1000
0x3509b722bebb92e009089e5c8e46957eb696a79d,1000
0x6cba7c2505eb791cca22ab4bd6a1c475b2c089bf,1000
0xe120eddd8a1fea7d73aad75d8ed8406988b2c98d,1000
0xa91eee49d2fea98f0c8f364e416ba66345579f0f,1000
0x126a02cad973ec8a2418c52bc32d39e668b828b3,1000
0x0365c09c94622d678220d435ae6dbc12984a8792,1000
0x09e055cbf73eb702556f3b524696a81f3e4b1684,1000
0xd71530de416fd7ea8cfe502e9e40cb7ce3501d4c,1000
0x641844cad17bd8e707475a884dbf9405e0f27336,1000
0x4d5309cd033801741d92b17027a64f566da6a70f,1000
0x8477312ad080f5818b2e53b4bcf0d4776764d597,1000
0x0e93545edad0ba8884bcee70618c3d8d4d73d5b4,1000
0xf825fe7886567b8f248dce6570e2efe8cd61c2b3,1000
0x9a7b40e470457dcd07a1fe7a7315657b94a35766,1000
0xa9436a0e4bfd13d8eabf288435fc850d74d22026,1000
0x966d0c4485278a55113dc1f1e9e2044a3cb50c33,1000
0xdd60739d1470be71f4a7fc6743c7e5a2f26fc676,1000
0x9ec5ff6400f6e683e739414e1251bd9d827b46ac,1000
0xe7ee3d4ea937f112e772b3dc5a212545869dffab,1000
0x4791c86dbdf3f1ee0d3523b56d5a4cef2bda75a5,1000
0x3803431f81fde7239c6947b09bdc02a8beac6ebc,1000
0x1c61c73f562188ca425cb1f6d943cb2586785f23,1000
0xd994E3E364da38f7960dC6faD9b70ADeeB7b8AF3,1000
0xf0c4A744d5763117F8730a1c65A0C0a330894C0C,1000
0x4EF12497d9A1370a3fC6DE20689548734e292851,1000
0xebc26a568603bc913d0806c5438e5ed2e05e87be,1000